{"avg_train_loss": 1.1514576583112022, "avg_train_acc": 0.7985781990521327, "gfl_test_acc_uniform": 0.22883294522762299, "pfl_test_acc_uniform": 0.2558352366089821, "pfl_test_acc_validclass": 0.4520691677927971, "pfl_test_acc_labeldist": 0.6996645778417587, "_timestamp": 1717012853.5039659, "_runtime": 152.76315784454346, "_step": 1, "_wandb": {"runtime": 177}}