{"avg_train_loss": 0.2604977984531382, "avg_train_acc": 0.9149827052612416, "gfl_test_acc_uniform": 0.7110999822616577, "pfl_test_acc_uniform": 0.4783600002527237, "pfl_test_acc_validclass": 0.6611063420772553, "pfl_test_acc_labeldist": 0.8528728187084198, "_timestamp": 1717011476.2301874, "_runtime": 6711.886258363724, "_step": 199, "_wandb": {"runtime": 6711}}